Station Id;Station;Pr‚c‚dent;Suivant;Temps entre 2 stations;Temps de Changement;;;
1;Porte Maillot;0;2;1;;;;
2;Argentine;1;3;3;;;;
3;Charles de Gaulle - Etoile;2;4;2;3;;;
4;George V;3;5;3;;;;
5;Franklin D, Roosevelt;4;6;2;5;;;
6;Champs-Elys‚es - Clemenceau;5;7;3;3;;;
7;Concorde;6;8;2;;;;
8;Tuileries;7;9;4;;;;
9;Palais Royal - Mus‚e du Louvre;8;10;2;7;;;
10;Louvre - Rivoli;9;11;3;;;;
11;Chƒtelet;10;12;2;8;;;
12;H“tel de Ville;11;13;3;2;;;
13;Saint-Paul (Le Marais);12;14;2;;;;
14;Bastille;13;15;4;5;;;
15;Gare de Lyon;14;16;2;5;;;
16;Reuilly - Diderot;15;17;2;4;;;
17;Nation;16;18;2;7;;;
18;Porte de Vincennes;17;19;2;;;;
19;Chƒteau de Vincennes;18;0;1;;;;
20;Porte Dauphine;0;21;0;;;;
21;Victor Hugo;20;3;2;;;;
3;Charles de Gaulle - Etoile;21;23;1;3;;;
23;Ternes;3;24;2;;;;
24;Courcelles;23;25;1;;;;
25;Monceau;24;26;2;;;;
26;Villiers;25;27;1;3;;;
27;Rome;26;28;3;;;;
28;Place de Clichy;27;29;2;2;;;
29;Blanche;28;30;1;;;;
30;Pigalle;29;31;2;3;;;
31;Anvers;30;32;3;;;;
32;BarbŠs - Rochechouart;31;33;2;3;;;
33;La Chapelle;32;34;5;;;;
34;Stalingrad;33;35;2;4;;;
35;JaurŠs;34;36;2;3;;;
36;Colonel Fabien;35;37;2;;;;
37;Belleville;36;38;2;4;;;
38;Couronnes;37;39;2;;;;
39;M‚nilmontant;38;40;1;;;;
40;PŠre Lachaise;39;41;1;4;;;
41;Philippe Auguste;40;42;1;;;;
42;Alexandre Dumas;41;43;2;;;;
43;Avron;42;17;1;;;;
17;Nation;43;0;2;7;;;
45;Porte de Champerret;0;46;0;;;;
46;Pereire;45;47;2;;;;
47;Wagram;46;48;4;;;;
48;Malesherbes;47;26;3;;;;
26;Villiers;48;50;3;3;;;
50;Europe;26;51;2;;;;
51;Saint-Lazare;50;52;2;7;;;
52;Havre-Caumartin;51;53;3;;;;
53;Op‚ra;52;54;4;6;;;
54;Quatre Septembre;53;55;2;;;;
55;Bourse;54;56;3;;;;
56;Sentier;55;57;3;;;;
57;R‚aumur - S‚bastopol;56;58;3;5;;;
58;Arts et M‚tiers;57;59;2;4;;;
59;Temple;58;60;2;;;;
60;R‚publique;59;61;4;6;;;
61;Parmentier;60;62;2;;;;
62;Rue Saint-Maur;61;40;2;;;;
40;PŠre Lachaise;62;64;4;4;;;
64;Gambetta;40;65;2;4;;;
65;Porte de Bagnolet;64;0;2;;;;
66;Porte des Lilas;0;67;0;4;;;
67;Saint-Fargeau;66;68;3;;;;
68;Pelleport;67;64;3;;;;
64;Gambetta;68;0;2;4;;;
70;Porte de Clignancourt;0;71;0;;;;
71;Simplon;70;72;1;;;;
72;Marcadet - Poissonniers;71;73;2;2;;;
73;Chƒteau Rouge;72;32;2;;;;
32;BarbŠs - Rochechouart;73;75;4;3;;;
75;Gare du Nord;32;76;3;5;;;
76;Gare de l'Est;75;77;3;3;;;
77;Chƒteau d'Eau;76;78;3;;;;
78;Strasbourg - Saint-Denis;77;57;2;5;;;
57;R‚aumur - S‚bastopol;78;80;2;5;;;
80;Etienne Marcel;57;81;4;;;;
81;Les Halles;80;11;4;;;;
11;Chƒtelet;81;83;1;8;;;
83;Cit‚;11;84;2;;;;
84;Saint-Michel;83;85;2;4;;;
85;Od‚on;84;86;3;2;;;
86;Saint-Germain-des-Pr‚s;85;87;3;;;;
87;Saint-Sulpice;86;88;3;;;;
88;Saint-Placide;87;89;2;;;;
89;Montparnasse Bienvenue;88;90;2;6;;;
90;Vavin;89;91;4;;;;
91;Raspail;90;92;4;3;;;
92;Denfert-Rochereau;91;93;3;5;;;
93;Mouton-Duvernet;92;94;2;;;;
94;Al‚sia;93;95;2;;;;
95;Porte d'Orl‚ans;94;0;3;;;;
96;Porte de Pantin;0;97;0;;;;
97;Ourcq;96;98;1;;;;
98;LaumiŠre;97;35;2;;;;
35;JaurŠs;98;34;3;3;;;
34;Stalingrad;35;75;3;4;;;
75;Gare du Nord;34;76;3;5;;;
76;Gare de l'Est;75;103;2;3;;;
103;Jacques Bonsergent;76;60;2;;;;
60;R‚publique;103;105;2;6;;;
105;Oberkampf;60;106;2;3;;;
106;Richard-Lenoir;105;107;4;;;;
107;Br‚guet-Sabin;106;14;2;;;;
14;Bastille;107;109;2;5;;;
109;Quai de la Rap‚e;14;110;3;;;;
110;Gare d'Austerlitz;109;111;3;2;;;
111;Saint-Marcel;110;112;1;4;;;
112;Campo-Formio;111;113;2;;;;
113;Place d'Italie;112;0;4;4;;;
3;Charles de Gaulle - Etoile;0;115;0;3;;;
115;Kl‚ber;3;116;2;;;;
116;BoissiŠre;115;117;3;;;;
117;Trocad‚ro;116;118;2;4;;;
118;Passy;117;119;2;;;;
119;Bir-Hakeim;118;120;4;;;;
120;Dupleix;119;121;3;;;;
121;La Motte-Picquet - Grenelle;120;122;3;3;;;
122;Cambronne;121;123;3;;;;
123;SŠvres-Lecourbe;122;124;1;3;;;
124;Pasteur;123;89;2;3;;;
89;Montparnasse Bienvenue;124;126;2;6;;;
126;Edgar Quinet;89;91;2;;;;
91;Raspail;126;92;2;3;;;
92;Denfert-Rochereau;91;129;4;5;;;
129;Saint-Jacques;92;130;4;;;;
130;GlaciŠre;129;131;2;;;;
131;Corvisart;130;113;4;;;;
113;Place d'Italie;131;133;3;4;;;
133;Nationale;113;134;3;;;;
134;Chevaleret;133;135;1;;;;
135;Quai de la Gare;134;136;2;;;;
136;Bercy;135;137;2;6;;;
137;Dugommier;136;138;2;;;;
138;Daumesnil;137;139;3;3;;;
139;Bel-Air;138;140;3;;;;
140;Picpus;139;17;4;;;;
17;Nation;140;0;2;7;;;
142;Porte de la Villette;0;143;0;;;;
143;Corentin Cariou;142;144;4;;;;
144;Crim‚e;143;145;3;;;;
145;Riquet;144;34;2;;;;
34;Stalingrad;145;147;3;4;;;
147;Louis Blanc;34;148;3;4;;;
148;Chƒteau Landon;147;76;2;;;;
76;Gare de l'Est;148;150;2;3;;;
150;PoissonniŠre;76;151;2;;;;
151;Cadet;150;152;3;;;;
152;Le Peletier;151;153;2;;;;
153;Chauss‚e d'Antin - La Fayette;152;53;2;6;;;
53;Op‚ra;153;155;4;6;;;
155;Pyramides;53;9;2;4;;;
9;Palais Royal - Mus‚e du Louvre;155;157;2;7;;;
157;Pont Neuf;9;11;3;;;;
11;Chƒtelet;157;159;3;8;;;
159;Pont Marie (Cit‚ des Arts);11;160;3;;;;
160;Sully - Morland;159;161;4;;;;
161;Jussieu;160;162;4;;;;
162;Place Monge;161;163;3;;;;
163;Censier - Daubenton;162;164;2;;;;
164;Les Gobelins;163;113;2;;;;
113;Place d'Italie;164;166;1;4;;;
166;Tolbiac;113;167;3;;;;
167;Maison Blanche;166;168;3;2;;;
168;Porte d'Italie;167;169;2;;;;
169;Porte de Choisy;168;170;4;;;;
170;Porte d'Ivry;169;0;2;;;;
167;Maison Blanche;0;147;3;2;;;
147;Louis Blanc;167;35;0;4;;;
35;JaurŠs;147;174;2;3;;;
174;Bolivar;35;175;3;;;;
175;Buttes Chaumont;174;176;3;;;;
176;Botzaris;175;177;2;2;;;
177;Place des Fˆtes;176;178;2;3;;;
178;Pr‚-Saint-Gervais;177;179;3;;;;
179;Danube;178;176;2;;;;
176;Botzaris;179;0;2;2;;;
181;Balard;0;182;0;;;;
182;Lourmel;181;183;3;;;;
183;Boucicaut;182;184;4;;;;
184;F‚lix Faure;183;185;2;;;;
185;Commerce;184;121;2;;;;
121;La Motte-Picquet - Grenelle;185;187;3;3;;;
187;Ecole Militaire;121;188;3;;;;
188;La Tour-Maubourg;187;189;3;;;;
189;Invalides;188;7;3;4;;;
7;Concorde;189;191;1;3;;;
191;Madeleine;7;53;2;3;;;
53;Op‚ra;191;193;2;6;;;
193;Richelieu - Drouot;53;194;2;2;;;
194;Grands Boulevards;193;195;3;4;;;
195;Bonne Nouvelle;194;78;2;3;;;
78;Strasbourg - Saint-Denis;195;60;2;5;;;
60;R‚publique;78;198;4;6;;;
198;Filles du Calvaire;60;199;3;;;;
199;Saint-S‚bastien - Froissart;198;200;3;;;;
200;Chemin Vert;199;14;3;;;;
14;Bastille;200;202;1;5;;;
202;Ledru-Rollin;14;203;2;;;;
203;Faidherbe - Chaligny;202;16;2;;;;
16;Reuilly - Diderot;203;205;2;4;;;
205;Montgallet;16;138;3;;;;
138;Daumesnil;205;207;3;3;;;
207;Michel Bizot;138;208;4;;;;
208;Porte Dor‚e;207;209;4;;;;
209;Porte de Charenton;208;0;3;;;;
210;Porte de Saint-Cloud;0;211;0;;;;
211;Exelmans;210;212;3;;;;
212;Michel-Ange - Molitor;211;213;2;5;;;
213;Michel-Ange - Auteuil;212;214;2;5;;;
214;Jasmin;213;215;3;;;;
215;Ranelagh;214;216;4;;;;
216;La Muette;215;217;4;;;;
217;Rue de la Pompe;216;117;2;;;;
117;Trocad‚ro;217;219;3;4;;;
219;I‚na;117;220;3;3;;;
220;Alma - Marceau;219;5;1;;;;
5;Franklin D, Roosevelt;220;222;2;5;;;
222;Saint-Philippe du Roule;5;223;2;;;;
223;Miromesnil;222;224;3;4;;;
224;Saint-Augustin;223;52;4;;;;
52;Havre-Caumartin;224;153;2;2;;;
153;Chauss‚e d'Antin - La Fayette;52;193;3;6;;;
193;Richelieu - Drouot;153;194;2;2;;;
194;Grands Boulevards;193;195;2;4;;;
195;Bonne Nouvelle;194;78;2;3;;;
78;Strasbourg - Saint-Denis;195;60;3;5;;;
60;R‚publique;78;105;3;6;;;
105;Oberkampf;60;233;3;3;;;
233;Saint-Ambroise;105;234;4;;;;
234;Voltaire;233;235;4;;;;
235;Charonne;234;236;3;;;;
236;Rue des Boulets;235;17;1;;;;
17;Nation;236;238;2;7;;;
238;Buzenval;17;239;2;;;;
239;MaraŒchers;238;240;2;;;;
240;Porte de Montreuil;239;0;3;;;;
110;Gare d'Austerlitz;0;161;0;2;;;
161;Jussieu;110;243;2;;;;
243;Cardinal Lemoine;161;244;2;;;;
244;Maubert - Mutualit‚;243;245;3;;;;
245;Cluny - La Sorbonne;244;85;3;;;;
85;Od‚on;245;247;2;2;;;
247;Mabillon;85;248;2;;;;
248;SŠvres - Babylone;247;249;4;3;;;
249;Vaneau;248;250;2;;;;
250;Duroc;249;251;2;4;;;
251;S‚gur;250;121;1;;;;
121;La Motte-Picquet - Grenelle;251;253;2;3;;;
253;Avenue Emile Zola;121;254;2;;;;
254;Charles Michels;253;255;3;;;;
255;Javel - Andr‚ Citro‰n;254;256;3;;;;
256;Eglise d'Auteuil;255;213;4;;;;
213;Michel-Ange - Auteuil;256;258;2;5;;;
258;Porte d'Auteuil;213;212;2;;;;
212;Michel-Ange - Molitor;258;260;3;5;;;
260;Chardon Lagache;212;261;2;;;;
261;Mirabeau;260;0;2;;;;
11;Chƒtelet;0;12;0;8;;;
12;H“tel de Ville;11;264;2;3;;;
264;Rambuteau;12;58;2;;;;
58;Arts et M‚tiers;264;60;3;4;;;
60;R‚publique;58;267;4;6;;;
267;Goncourt;60;37;1;;;;
37;Belleville;267;269;2;4;;;
269;Pyr‚n‚es;37;270;2;;;;
270;Jourdain;269;271;3;;;;
271;Place des FÇ¦tes;270;272;3;3;;;
272;T‚l‚graphe;271;66;4;;;;
66;Porte des Lilas;272;0;2;4;;;
274;Porte de la Chapelle;0;275;0;;;;
275;Marx Dormoy;274;72;2;;;;
72;Marcadet - Poissonniers;275;277;2;2;;;
277;Jules Joffrin;72;278;2;;;;
278;Lamarck - Caulaincourt;277;279;3;;;;
279;Abbesses;278;30;3;;;;
30;Pigalle;279;281;3;3;;;
281;Saint-Georges;30;282;4;;;;
282;Notre-Dame-de-Lorette;281;283;3;;;;
283;Trinit‚ - d'Estienne d'Orves;282;51;2;;;;
51;Saint-Lazare;283;191;1;7;;;
191;Madeleine;51;7;2;3;;;
7;Concorde;191;287;2;3;;;
287;Assembl‚e Nationale;7;288;4;;;;
288;Solf‚rino;287;289;4;;;;
289;Rue du Bac;288;248;3;;;;
248;SŠvres - Babylone;289;291;1;3;;;
291;Rennes;248;292;2;;;;
292;Notre-Dame des Champs;291;89;1;;;;
89;Montparnasse Bienvenue;292;294;2;6;;;
294;FalguiŠre;89;124;2;;;;
124;Pasteur;294;296;3;3;;;
296;Volontaires;124;297;2;;;;
297;Vaugirard;296;298;2;;;;
298;Convention;297;299;2;;;;
299;Porte de Versailles;298;0;3;;;;
300;Porte de Vanves;0;301;0;;;;
301;Plaisance;300;302;2;;;;
302;Pernety;301;303;3;;;;
303;GaŒt‚;302;89;4;;;;
89;Montparnasse Bienvenue;303;250;1;6;;;
250;Duroc;89;306;2;4;;;
306;Saint-Fran‡ois-Xavier;250;307;2;;;;
307;Varenne;306;189;3;;;;
189;Invalides;307;6;3;4;;;
6;Champs-Elys‚es - Clemenceau;189;223;3;3;;;
223;Miromesnil;6;51;2;4;;;
51;Saint-Lazare;223;312;4;7;;;
312;LiŠge;51;28;2;;;;
28;Place de Clichy;312;314;3;2;;;
314;La Fourche;28;315;1;4;;;
315;Guy M“quet;314;316;2;;;;
316;Porte de Saint-Ouen;315;314;2;;;;
314;La Fourche;316;318;3;4;;;
318;Brochant;314;319;2;;;;
319;Porte de Clichy;318;0;3;3;;;
319;Porte de Clichy;0;321;0;3;;;
321;Pont Cardinet;319;51;2;;;;
51;Saint-Lazare;321;191;2;7;;;
191;Madeleine;51;155;4;3;;;
155;Pyramides;191;11;2;4;;;
11;Chƒtelet;155;15;3;8;;;
15;Gare de Lyon;11;136;3;5;;;
136;Bercy;15;328;3;6;;;
328;Cour Saint-Emilion;136;329;4;;;;
329;BibliothŠque Fran‡ois Mitterrand;328;330;2;;;;
330;Olympiades;329;167;3;4;;;
167;Maison Blanche;330;0;2;2;;;
